<?xml version="1.0" encoding="UTF-8"?>

<!--
#   Google Code upload script.
#   Copyright (C) 2010  Denis Nelubin aka Gelin
#   
#   This program is free software; you can redistribute it and/or modify
#   it under the terms of the GNU General Public License as published by
#   the Free Software Foundation; either version 2 of the License, or
#   (at your option) any later version.
#   
#   This program is distributed in the hope that it will be useful,
#   but WITHOUT ANY WARRANTY; without even the implied warranty of
#   MERCHANTABILITY or FITNESS FOR A PARTICULAR PURPOSE.  See the
#   GNU General Public License for more details.
#   
#   You should have received a copy of the GNU General Public License
#   along with this program; if not, write to the Free Software
#   Foundation, Inc., 51 Franklin St, Fifth Floor, Boston, MA  02110-1301  USA
#   
#   http://gelin.ru
#   mailto:den@gelin.ru
-->

<project name="weather-notification-android-upload" default="all">

    <property file="core/local.properties"/>
    <property file="upload.credentials.properties"/>
    <xmlproperty file="core/AndroidManifest.xml"/>

    <taskdef classname="net.bluecow.googlecode.ant.GoogleCodeUploadTask" name="gcupload"
	classpath="${sdk.dir}/ant-googlecode-0.0.3.jar"/>

    <target name="all" depends="debug, release"/>

    <target name="debug" depends="core-debug, black-text-skin-debug, white-text-skin-debug, black-text-plus-skin-debug, white-text-plus-skin-debug, bigger-text-skin-debug"
	    description="Upload debug .apk files"/>

    <target name="core-debug">

	<gcupload 
	    username="${gc.username}"
	    password="${gc.password}"
    	    projectname="weather-notification-android" 
    	    filename="core/bin/weather-notification-android-debug.apk" 
    	    targetfilename="weather-notification-android-${manifest(android:versionName)}-${manifest(android:versionCode)}-debug.apk"
    	    summary="Weather Notification Core App (${manifest(android:versionName)}, signed by debug key)"
    	    labels="Type-Package, OpSys-Android_1.5" />

	<copy file="core/bin/weather-notification-android-debug.apk"
	    todir="/home/gelin/Dropbox/android@gelin"/>
    
    </target>
    
    <target name="black-text-skin-debug">

	<gcupload 
	    username="${gc.username}"
	    password="${gc.password}"
    	    projectname="weather-notification-android" 
    	    filename="skins/black-text/bin/weather-notification-skin-black-text-debug.apk" 
    	    targetfilename="weather-notification-skin-black-text-${manifest(android:versionName)}-${manifest(android:versionCode)}-debug.apk"
    	    summary="Black Text Skin (${manifest(android:versionName)}, signed by debug key)"
    	    labels="Type-Package, OpSys-Android_1.5" />

	<copy file="skins/black-text/bin/weather-notification-skin-black-text-debug.apk"
	    todir="/home/gelin/Dropbox/android@gelin"/>
    
    </target>
    
    <target name="white-text-skin-debug">

	<gcupload 
	    username="${gc.username}"
	    password="${gc.password}"
    	    projectname="weather-notification-android" 
    	    filename="skins/white-text/bin/weather-notification-skin-white-text-debug.apk" 
    	    targetfilename="weather-notification-skin-white-text-${manifest(android:versionName)}-${manifest(android:versionCode)}-debug.apk"
    	    summary="White Text Skin (${manifest(android:versionName)}, signed by debug key)"
    	    labels="Type-Package, OpSys-Android_1.5" />

	<copy file="skins/white-text/bin/weather-notification-skin-white-text-debug.apk"
	    todir="/home/gelin/Dropbox/android@gelin"/>
    
    </target>
    
    <target name="black-text-plus-skin-debug">

	<gcupload 
	    username="${gc.username}"
	    password="${gc.password}"
    	    projectname="weather-notification-android" 
    	    filename="skins/black-text-plus/bin/weather-notification-skin-black-text-plus-debug.apk" 
    	    targetfilename="weather-notification-skin-black-text-plus-${manifest(android:versionName)}-${manifest(android:versionCode)}-debug.apk"
    	    summary="Black Text Plus Skin (${manifest(android:versionName)}, signed by debug key)"
    	    labels="Type-Package, OpSys-Android_1.5" />

	<copy file="skins/black-text-plus/bin/weather-notification-skin-black-text-plus-debug.apk"
	    todir="/home/gelin/Dropbox/android@gelin"/>
    
    </target>
    
    <target name="white-text-plus-skin-debug">

	<gcupload 
	    username="${gc.username}"
	    password="${gc.password}"
    	    projectname="weather-notification-android" 
    	    filename="skins/white-text-plus/bin/weather-notification-skin-white-text-plus-debug.apk" 
    	    targetfilename="weather-notification-skin-white-text-plus-${manifest(android:versionName)}-${manifest(android:versionCode)}-debug.apk"
    	    summary="White Text Plus Skin (${manifest(android:versionName)}, signed by debug key)"
    	    labels="Type-Package, OpSys-Android_1.5" />

	<copy file="skins/white-text-plus/bin/weather-notification-skin-white-text-plus-debug.apk"
	    todir="/home/gelin/Dropbox/android@gelin"/>
    
    </target>
    
    <target name="bigger-text-skin-debug">

	<gcupload 
	    username="${gc.username}"
	    password="${gc.password}"
    	    projectname="weather-notification-android" 
    	    filename="skins/bigger-text/bin/weather-notification-skin-bigger-text-debug.apk" 
    	    targetfilename="weather-notification-skin-bigger-text-${manifest(android:versionName)}-${manifest(android:versionCode)}-debug.apk"
    	    summary="Bigger Text Skin (${manifest(android:versionName)}, signed by debug key)"
    	    labels="Type-Package, OpSys-Android_4.0" />

	<copy file="skins/bigger-text/bin/weather-notification-skin-bigger-text-debug.apk"
	    todir="/home/gelin/Dropbox/android@gelin"/>
    
    </target>
    

    <target name="release" depends="core-release, black-text-skin-release, white-text-skin-release, black-text-plus-skin-release, white-text-plus-skin-release, bigger-text-skin-release"
	    description="Upload release .apk files"/>

    <target name="core-release">

	<copy file="core/bin/weather-notification-android-release.apk"
	    tofile="core/bin/weather-notification-android.apk"/>

	<gcupload 
	    username="${gc.username}"
	    password="${gc.password}"
    	    projectname="weather-notification-android" 
    	    filename="core/bin/weather-notification-android.apk" 
    	    targetfilename="weather-notification-android-${manifest(android:versionName)}-${manifest(android:versionCode)}.apk"
    	    summary="Weather Notification Core App (${manifest(android:versionName)})"
    	    labels="Type-Package, OpSys-Android_1.5, Featured" />

	<copy file="core/bin/weather-notification-android.apk"
	    todir="/home/gelin/Dropbox/android@gelin"/>
    
    </target>
    
    <target name="black-text-skin-release">

	<copy file="skins/black-text/bin/weather-notification-skin-black-text-release.apk"
	    tofile="skins/black-text/bin/weather-notification-skin-black-text.apk"/>

	<gcupload 
	    username="${gc.username}"
	    password="${gc.password}"
    	    projectname="weather-notification-android" 
    	    filename="skins/black-text/bin/weather-notification-skin-black-text.apk" 
    	    targetfilename="weather-notification-skin-black-text-${manifest(android:versionName)}-${manifest(android:versionCode)}.apk"
    	    summary="Black Text Skin (${manifest(android:versionName)})"
    	    labels="Type-Package, OpSys-Android_1.5, Featured" />

	<copy file="skins/black-text/bin/weather-notification-skin-black-text.apk"
	    todir="/home/gelin/Dropbox/android@gelin"/>
    
    </target>
    
    <target name="white-text-skin-release">

	<copy file="skins/white-text/bin/weather-notification-skin-white-text-release.apk"
	    tofile="skins/white-text/bin/weather-notification-skin-white-text.apk"/>

	<gcupload 
	    username="${gc.username}"
	    password="${gc.password}"
    	    projectname="weather-notification-android" 
    	    filename="skins/white-text/bin/weather-notification-skin-white-text.apk" 
    	    targetfilename="weather-notification-skin-white-text-${manifest(android:versionName)}-${manifest(android:versionCode)}.apk"
    	    summary="White Text Skin (${manifest(android:versionName)})"
    	    labels="Type-Package, OpSys-Android_1.5, Featured" />

	<copy file="skins/white-text/bin/weather-notification-skin-white-text.apk"
	    todir="/home/gelin/Dropbox/android@gelin"/>
    
    </target>
    
    <target name="black-text-plus-skin-release">

	<copy file="skins/black-text-plus/bin/weather-notification-skin-black-text-plus-release.apk"
	    tofile="skins/black-text-plus/bin/weather-notification-skin-black-text-plus.apk"/>

	<gcupload 
	    username="${gc.username}"
	    password="${gc.password}"
    	    projectname="weather-notification-android" 
    	    filename="skins/black-text-plus/bin/weather-notification-skin-black-text-plus.apk" 
    	    targetfilename="weather-notification-skin-black-text-plus-${manifest(android:versionName)}-${manifest(android:versionCode)}.apk"
    	    summary="Black Text Plus Skin (${manifest(android:versionName)})"
    	    labels="Type-Package, OpSys-Android_1.5, Featured" />

	<copy file="skins/black-text-plus/bin/weather-notification-skin-black-text-plus.apk"
	    todir="/home/gelin/Dropbox/android@gelin"/>
    
    </target>
    
    <target name="white-text-plus-skin-release">

	<copy file="skins/white-text-plus/bin/weather-notification-skin-white-text-plus-release.apk"
	    tofile="skins/white-text-plus/bin/weather-notification-skin-white-text-plus.apk"/>

	<gcupload 
	    username="${gc.username}"
	    password="${gc.password}"
    	    projectname="weather-notification-android" 
    	    filename="skins/white-text-plus/bin/weather-notification-skin-white-text-plus.apk" 
    	    targetfilename="weather-notification-skin-white-text-plus-${manifest(android:versionName)}-${manifest(android:versionCode)}.apk"
    	    summary="White Text Plus Skin (${manifest(android:versionName)})"
    	    labels="Type-Package, OpSys-Android_1.5, Featured" />

	<copy file="skins/white-text-plus/bin/weather-notification-skin-white-text-plus.apk"
	    todir="/home/gelin/Dropbox/android@gelin"/>
    
    </target>
    
    <target name="bigger-text-skin-release">

	<copy file="skins/bigger-text/bin/weather-notification-skin-bigger-text-release.apk"
	    tofile="skins/bigger-text/bin/weather-notification-skin-bigger-text.apk"/>

	<gcupload 
	    username="${gc.username}"
	    password="${gc.password}"
    	    projectname="weather-notification-android" 
    	    filename="skins/bigger-text/bin/weather-notification-skin-bigger-text.apk" 
    	    targetfilename="weather-notification-skin-bigger-text-${manifest(android:versionName)}-${manifest(android:versionCode)}.apk"
    	    summary="Bigger Text Skin (${manifest(android:versionName)})"
    	    labels="Type-Package, OpSys-Android_3.0, Featured" />

	<copy file="skins/bigger-text/bin/weather-notification-skin-bigger-text.apk"
	    todir="/home/gelin/Dropbox/android@gelin"/>
    
    </target>

</project>
